Age (bin),Survived,Count of train.csv,% of Total Count of train.csv
80,1,1,0.140056022%
70,1,,
60,1,6,0.840336134%
50,1,20,2.801120448%
40,1,34,4.761904762%
30,1,73,10.224089636%
20,1,77,10.784313725%
10,1,41,5.742296919%
0,1,38,5.322128852%
80,0,,
70,0,6,0.840336134%
60,0,13,1.820728291%
50,0,28,3.921568627%
40,0,55,7.703081232%
30,0,94,13.165266106%
20,0,143,20.028011204%
10,0,61,8.543417367%
0,0,24,3.361344538%
